salary_id,work_year,experience_level,employment_type,job_title,salary,salary_currency,salary_in_usd,employee_residence,remote_ratio,remote_type,company_location,company_size,salary_band,is_outlier
1,2020,Mid-Level,Full-Time,Data Scientist,70000,EUR,79833,DE,0,On-Site,DE,Large,Mid-Level,False
2,2020,Senior,Full-Time,Machine Learning Scientist,260000,USD,260000,JP,0,On-Site,JP,Small,Executive,False
3,2020,Senior,Full-Time,Big Data Engineer,85000,GBP,109024,GB,50,Hybrid,GB,Medium,Mid-Level,False
4,2020,Mid-Level,Full-Time,Product Data Analyst,20000,USD,20000,HN,0,On-Site,HN,Small,Junior,False
5,2020,Senior,Full-Time,Machine Learning Engineer,150000,USD,150000,US,50,Hybrid,US,Large,Senior,False
6,2020,Entry,Full-Time,Data Analyst,72000,USD,72000,US,100,Remote,US,Large,Mid-Level,False
7,2020,Senior,Full-Time,Lead Data Scientist,190000,USD,190000,US,100,Remote,US,Small,Senior,False
8,2020,Mid-Level,Full-Time,Data Scientist,11000000,HUF,35735,HU,50,Hybrid,HU,Large,Junior,True
9,2020,Mid-Level,Full-Time,Business Data Analyst,135000,USD,135000,US,100,Remote,US,Large,Senior,False
10,2020,Senior,Full-Time,Lead Data Engineer,125000,USD,125000,NZ,50,Hybrid,NZ,Small,Senior,False
11,2020,Entry,Full-Time,Data Scientist,45000,EUR,51321,FR,0,On-Site,FR,Small,Junior,False
12,2020,Mid-Level,Full-Time,Data Scientist,3000000,INR,40481,IN,0,On-Site,IN,Large,Junior,True
13,2020,Entry,Full-Time,Data Scientist,35000,EUR,39916,FR,0,On-Site,FR,Medium,Junior,False
14,2020,Mid-Level,Full-Time,Lead Data Analyst,87000,USD,87000,US,100,Remote,US,Large,Mid-Level,False
15,2020,Mid-Level,Full-Time,Data Analyst,85000,USD,85000,US,100,Remote,US,Large,Mid-Level,False
16,2020,Mid-Level,Full-Time,Data Analyst,8000,USD,8000,PK,50,Hybrid,PK,Large,Junior,False
17,2020,Entry,Full-Time,Data Engineer,4450000,JPY,41689,JP,100,Remote,JP,Small,Junior,True
18,2020,Senior,Full-Time,Big Data Engineer,100000,EUR,114047,PL,100,Remote,GB,Small,Mid-Level,False
19,2020,Entry,Full-Time,Data Science Consultant,423000,INR,5707,IN,50,Hybrid,IN,Medium,Junior,True
20,2020,Mid-Level,Full-Time,Lead Data Engineer,56000,USD,56000,PT,100,Remote,US,Medium,Junior,False
21,2020,Mid-Level,Full-Time,Machine Learning Engineer,299000,CNY,43331,CN,0,On-Site,CN,Medium,Junior,False
22,2020,Mid-Level,Full-Time,Product Data Analyst,450000,INR,6072,IN,100,Remote,IN,Large,Junior,True
23,2020,Senior,Full-Time,Data Engineer,42000,EUR,47899,GR,50,Hybrid,GR,Large,Junior,False
24,2020,Mid-Level,Full-Time,Bi Data Analyst,98000,USD,98000,US,0,On-Site,US,Medium,Mid-Level,False
25,2020,Mid-Level,Full-Time,Lead Data Scientist,115000,USD,115000,AE,0,On-Site,AE,Large,Mid-Level,False
26,2020,Executive,Full-Time,Director Of Data Science,325000,USD,325000,US,100,Remote,US,Large,Executive,True
27,2020,Entry,Full-Time,Research Scientist,42000,USD,42000,NL,50,Hybrid,NL,Large,Junior,False
28,2020,Senior,Full-Time,Data Engineer,720000,MXN,33511,MX,0,On-Site,MX,Small,Junior,True
29,2020,Entry,Contract,Business Data Analyst,100000,USD,100000,US,100,Remote,US,Large,Mid-Level,False
30,2020,Senior,Full-Time,Machine Learning Manager,157000,CAD,117104,CA,50,Hybrid,CA,Large,Mid-Level,False
31,2020,Mid-Level,Full-Time,Data Engineering Manager,51999,EUR,59303,DE,100,Remote,DE,Small,Junior,False
32,2020,Entry,Full-Time,Big Data Engineer,70000,USD,70000,US,100,Remote,US,Large,Mid-Level,False
33,2020,Senior,Full-Time,Data Scientist,60000,EUR,68428,GR,100,Remote,US,Large,Mid-Level,False
34,2020,Mid-Level,Full-Time,Research Scientist,450000,USD,450000,US,0,On-Site,US,Medium,Executive,True
35,2020,Mid-Level,Full-Time,Data Analyst,41000,EUR,46759,FR,50,Hybrid,FR,Large,Junior,False
36,2020,Mid-Level,Full-Time,Data Engineer,65000,EUR,74130,AT,50,Hybrid,AT,Large,Mid-Level,False
37,2020,Mid-Level,Full-Time,Data Science Consultant,103000,USD,103000,US,100,Remote,US,Large,Mid-Level,False
38,2020,Entry,Full-Time,Machine Learning Engineer,250000,USD,250000,US,50,Hybrid,US,Large,Executive,False
39,2020,Entry,Full-Time,Data Analyst,10000,USD,10000,NG,100,Remote,NG,Small,Junior,False
40,2020,Entry,Full-Time,Machine Learning Engineer,138000,USD,138000,US,100,Remote,US,Small,Senior,False
41,2020,Mid-Level,Full-Time,Data Scientist,45760,USD,45760,PH,100,Remote,US,Small,Junior,False
42,2020,Executive,Full-Time,Data Engineering Manager,70000,EUR,79833,ES,50,Hybrid,ES,Large,Mid-Level,False
43,2020,Mid-Level,Full-Time,Machine Learning Infrastructure Engineer,44000,EUR,50180,PT,0,On-Site,PT,Medium,Junior,False
44,2020,Mid-Level,Full-Time,Data Engineer,106000,USD,106000,US,100,Remote,US,Large,Mid-Level,False
45,2020,Mid-Level,Full-Time,Data Engineer,88000,GBP,112872,GB,50,Hybrid,GB,Large,Mid-Level,False
46,2020,Entry,Part-Time,Ml Engineer,14000,EUR,15966,DE,100,Remote,DE,Small,Junior,False
47,2020,Mid-Level,Full-Time,Data Scientist,60000,GBP,76958,GB,100,Remote,GB,Small,Mid-Level,False
48,2020,Senior,Full-Time,Data Engineer,188000,USD,188000,US,100,Remote,US,Large,Senior,False
49,2020,Mid-Level,Full-Time,Data Scientist,105000,USD,105000,US,100,Remote,US,Large,Mid-Level,False
50,2020,Mid-Level,Full-Time,Data Engineer,61500,EUR,70139,FR,50,Hybrid,FR,Large,Mid-Level,False
51,2020,Entry,Full-Time,Data Analyst,450000,INR,6072,IN,0,On-Site,IN,Small,Junior,True
52,2020,Entry,Full-Time,Data Analyst,91000,USD,91000,US,100,Remote,US,Large,Mid-Level,False
53,2020,Entry,Full-Time,Ai Scientist,300000,DKK,45896,DK,50,Hybrid,DK,Small,Junior,False
54,2020,Entry,Full-Time,Data Engineer,48000,EUR,54742,PK,100,Remote,DE,Large,Junior,False
55,2020,Senior,,Computer Vision Engineer,60000,USD,60000,RU,100,Remote,US,Small,Mid-Level,False
56,2020,Senior,Full-Time,Principal Data Scientist,130000,EUR,148261,DE,100,Remote,DE,Medium,Senior,False
57,2020,Mid-Level,Full-Time,Data Scientist,34000,EUR,38776,ES,100,Remote,ES,Medium,Junior,False
58,2020,Mid-Level,Full-Time,Data Scientist,118000,USD,118000,US,100,Remote,US,Medium,Mid-Level,False
59,2020,Senior,Full-Time,Data Scientist,120000,USD,120000,US,50,Hybrid,US,Large,Senior,False
60,2020,Mid-Level,Full-Time,Data Scientist,138350,USD,138350,US,100,Remote,US,Medium,Senior,False
61,2020,Mid-Level,Full-Time,Data Engineer,110000,USD,110000,US,100,Remote,US,Large,Mid-Level,False
62,2020,Mid-Level,Full-Time,Data Engineer,130800,USD,130800,ES,100,Remote,US,Medium,Senior,False
63,2020,Entry,Part-Time,Data Scientist,19000,EUR,21669,IT,50,Hybrid,IT,Small,Junior,False
64,2020,Senior,Full-Time,Data Scientist,412000,USD,412000,US,100,Remote,US,Large,Executive,True
65,2020,Senior,Full-Time,Machine Learning Engineer,40000,EUR,45618,HR,100,Remote,HR,Small,Junior,False
66,2020,Entry,Full-Time,Data Scientist,55000,EUR,62726,DE,50,Hybrid,DE,Small,Mid-Level,False
67,2020,Entry,Full-Time,Data Scientist,43200,EUR,49268,DE,0,On-Site,DE,Small,Junior,False
68,2020,Senior,Full-Time,Data Science Manager,190200,USD,190200,US,100,Remote,US,Medium,Senior,False
69,2020,Entry,Full-Time,Data Scientist,105000,USD,105000,US,100,Remote,US,Small,Mid-Level,False
70,2020,Senior,Full-Time,Data Scientist,80000,EUR,91237,AT,0,On-Site,AT,Small,Mid-Level,False
71,2020,Mid-Level,Full-Time,Data Scientist,55000,EUR,62726,FR,50,Hybrid,LU,Small,Mid-Level,False
72,2020,Mid-Level,Full-Time,Data Scientist,37000,EUR,42197,FR,50,Hybrid,FR,Small,Junior,False
73,2021,Entry,Full-Time,Research Scientist,60000,GBP,82528,GB,50,Hybrid,GB,Large,Mid-Level,False
74,2021,Executive,Full-Time,Bi Data Analyst,150000,USD,150000,IN,100,Remote,US,Large,Senior,False
75,2021,Executive,Full-Time,Head Of Data,235000,USD,235000,US,100,Remote,US,Large,Executive,False
76,2021,Senior,Full-Time,Data Scientist,45000,EUR,53192,FR,50,Hybrid,FR,Large,Junior,False
77,2021,Mid-Level,Full-Time,Bi Data Analyst,100000,USD,100000,US,100,Remote,US,Medium,Mid-Level,False
78,2021,Mid-Level,Part-Time,3D Computer Vision Researcher,400000,INR,5409,IN,50,Hybrid,IN,Medium,Junior,True
79,2021,Mid-Level,Contract,Ml Engineer,270000,USD,270000,US,100,Remote,US,Large,Executive,False
80,2021,Entry,Full-Time,Data Analyst,80000,USD,80000,US,100,Remote,US,Medium,Mid-Level,False
81,2021,Senior,Full-Time,Data Analytics Engineer,67000,EUR,79197,DE,100,Remote,DE,Large,Mid-Level,False
82,2021,Mid-Level,Full-Time,Data Engineer,140000,USD,140000,US,100,Remote,US,Large,Senior,False
83,2021,Mid-Level,Full-Time,Applied Data Scientist,68000,CAD,54238,GB,50,Hybrid,CA,Large,Junior,False
84,2021,Mid-Level,Full-Time,Machine Learning Engineer,40000,EUR,47282,ES,100,Remote,ES,Small,Junior,False
85,2021,Executive,Full-Time,Director Of Data Science,130000,EUR,153667,IT,100,Remote,PL,Large,Senior,False
86,2021,Mid-Level,Full-Time,Data Engineer,110000,PLN,28476,PL,100,Remote,PL,Large,Junior,False
87,2021,Entry,Full-Time,Data Analyst,50000,EUR,59102,FR,50,Hybrid,FR,Medium,Junior,False
88,2021,Mid-Level,Full-Time,Data Analytics Engineer,110000,USD,110000,US,100,Remote,US,Large,Mid-Level,False
89,2021,Senior,Full-Time,Lead Data Analyst,170000,USD,170000,US,100,Remote,US,Large,Senior,False
90,2021,Senior,Full-Time,Data Analyst,80000,USD,80000,BG,100,Remote,US,Small,Mid-Level,False
91,2021,Senior,Full-Time,Marketing Data Analyst,75000,EUR,88654,GR,100,Remote,DK,Large,Mid-Level,False
92,2021,Entry,Full-Time,Data Science Consultant,65000,EUR,76833,DE,100,Remote,DE,Small,Mid-Level,False
93,2021,Mid-Level,Full-Time,Lead Data Analyst,1450000,INR,19609,IN,100,Remote,IN,Large,Junior,True
94,2021,Senior,Full-Time,Lead Data Engineer,276000,USD,276000,US,0,On-Site,US,Large,Executive,False
95,2021,Entry,Full-Time,Data Scientist,2200000,INR,29751,IN,50,Hybrid,IN,Large,Junior,True
96,2021,Mid-Level,Full-Time,Cloud Data Engineer,120000,SGD,89294,SG,50,Hybrid,SG,Large,Mid-Level,False
97,2021,Entry,Part-Time,Ai Scientist,12000,USD,12000,BR,100,Remote,US,Small,Junior,False
98,2021,Mid-Level,Full-Time,Financial Data Analyst,450000,USD,450000,US,100,Remote,US,Large,Executive,True
99,2021,Entry,Full-Time,Computer Vision Software Engineer,70000,USD,70000,US,100,Remote,US,Medium,Mid-Level,False
100,2021,Mid-Level,Full-Time,Computer Vision Software Engineer,81000,EUR,95746,DE,100,Remote,US,Small,Mid-Level,False
101,2021,Mid-Level,Full-Time,Data Analyst,75000,USD,75000,US,0,On-Site,US,Large,Mid-Level,False
102,2021,Senior,Full-Time,Data Engineer,150000,USD,150000,US,100,Remote,US,Large,Senior,False
103,2021,Mid-Level,Full-Time,Bi Data Analyst,11000000,HUF,36259,HU,50,Hybrid,US,Large,Junior,True
104,2021,Mid-Level,Full-Time,Data Analyst,62000,USD,62000,US,0,On-Site,US,Large,Mid-Level,False
105,2021,Mid-Level,Full-Time,Data Scientist,73000,USD,73000,US,0,On-Site,US,Large,Mid-Level,False
106,2021,Mid-Level,Full-Time,Data Analyst,37456,GBP,51519,GB,50,Hybrid,GB,Large,Junior,False
107,2021,Mid-Level,Full-Time,Research Scientist,235000,CAD,187442,CA,100,Remote,CA,Large,Senior,False
108,2021,Senior,Full-Time,Data Engineer,115000,USD,115000,US,100,Remote,US,Small,Mid-Level,False
109,2021,Senior,Full-Time,Data Engineer,150000,USD,150000,US,100,Remote,US,Medium,Senior,False
110,2021,Entry,Full-Time,Data Engineer,2250000,INR,30428,IN,100,Remote,IN,Large,Junior,True
111,2021,Senior,Full-Time,Machine Learning Engineer,80000,EUR,94564,DE,50,Hybrid,DE,Large,Mid-Level,False
112,2021,Senior,Full-Time,Director Of Data Engineering,82500,GBP,113476,GB,100,Remote,GB,Medium,Mid-Level,False
113,2021,Senior,Full-Time,Lead Data Engineer,75000,GBP,103160,GB,100,Remote,GB,Small,Mid-Level,False
114,2021,Entry,Part-Time,Ai Scientist,12000,USD,12000,PK,100,Remote,US,Medium,Junior,False
115,2021,Mid-Level,Full-Time,Data Engineer,38400,EUR,45391,NL,100,Remote,NL,Large,Junior,False
116,2021,Entry,Full-Time,Machine Learning Scientist,225000,USD,225000,US,100,Remote,US,Large,Executive,False
117,2021,Mid-Level,Full-Time,Data Scientist,50000,USD,50000,NG,100,Remote,NG,Large,Junior,False
118,2021,Mid-Level,Full-Time,Data Science Engineer,34000,EUR,40189,GR,100,Remote,GR,Medium,Junior,False
119,2021,Entry,Full-Time,Data Analyst,90000,USD,90000,US,100,Remote,US,Small,Mid-Level,False
120,2021,Mid-Level,Full-Time,Data Engineer,200000,USD,200000,US,100,Remote,US,Large,Executive,False
121,2021,Mid-Level,Full-Time,Big Data Engineer,60000,USD,60000,ES,50,Hybrid,RO,Medium,Mid-Level,False
122,2021,Senior,Full-Time,Principal Data Engineer,200000,USD,200000,US,100,Remote,US,Medium,Executive,False
123,2021,Entry,Full-Time,Data Analyst,50000,USD,50000,US,100,Remote,US,Medium,Junior,False
124,2021,Entry,Full-Time,Applied Data Scientist,80000,GBP,110037,GB,0,On-Site,GB,Large,Mid-Level,False
125,2021,Entry,Part-Time,Data Analyst,8760,EUR,10354,ES,50,Hybrid,ES,Medium,Junior,False
126,2021,Mid-Level,Full-Time,Principal Data Scientist,151000,USD,151000,US,100,Remote,US,Large,Senior,False
127,2021,Senior,Full-Time,Machine Learning Scientist,120000,USD,120000,US,50,Hybrid,US,Small,Senior,False
128,2021,Mid-Level,Full-Time,Data Scientist,700000,INR,9466,IN,0,On-Site,IN,Small,Junior,True
129,2021,Entry,Full-Time,Machine Learning Engineer,20000,USD,20000,IN,100,Remote,IN,Small,Junior,False
130,2021,Senior,Full-Time,Lead Data Scientist,3000000,INR,40570,IN,50,Hybrid,IN,Large,Junior,True
131,2021,Entry,Full-Time,Machine Learning Developer,100000,USD,100000,IQ,50,Hybrid,IQ,Small,Mid-Level,False
132,2021,Entry,Full-Time,Data Scientist,42000,EUR,49646,FR,50,Hybrid,FR,Medium,Junior,False
133,2021,Mid-Level,Full-Time,Applied Machine Learning Scientist,38400,USD,38400,VN,100,Remote,US,Medium,Junior,False
134,2021,Senior,Full-Time,Computer Vision Engineer,24000,USD,24000,BR,100,Remote,BR,Medium,Junior,False
135,2021,Entry,Full-Time,Data Scientist,100000,USD,100000,US,0,On-Site,US,Small,Mid-Level,False
136,2021,Mid-Level,Full-Time,Data Analyst,90000,USD,90000,US,100,Remote,US,Medium,Mid-Level,False
137,2021,Mid-Level,Full-Time,Ml Engineer,7000000,JPY,63711,JP,50,Hybrid,JP,Small,Mid-Level,True
138,2021,Mid-Level,Full-Time,Ml Engineer,8500000,JPY,77364,JP,50,Hybrid,JP,Small,Mid-Level,True
139,2021,Senior,Full-Time,Principal Data Scientist,220000,USD,220000,US,0,On-Site,US,Large,Executive,False
140,2021,Entry,Full-Time,Data Scientist,80000,USD,80000,US,100,Remote,US,Medium,Mid-Level,False
141,2021,Mid-Level,Full-Time,Data Analyst,135000,USD,135000,US,100,Remote,US,Large,Senior,False
142,2021,Senior,Full-Time,Data Science Manager,240000,USD,240000,US,0,On-Site,US,Large,Executive,False
143,2021,Senior,Full-Time,Data Engineering Manager,150000,USD,150000,US,0,On-Site,US,Large,Senior,False
144,2021,Mid-Level,Full-Time,Data Scientist,82500,USD,82500,US,100,Remote,US,Small,Mid-Level,False
145,2021,Mid-Level,Full-Time,Data Engineer,100000,USD,100000,US,100,Remote,US,Large,Mid-Level,False
146,2021,Senior,Full-Time,Machine Learning Engineer,70000,EUR,82744,BE,50,Hybrid,BE,Medium,Mid-Level,False
147,2021,Mid-Level,Full-Time,Research Scientist,53000,EUR,62649,FR,50,Hybrid,FR,Medium,Mid-Level,False
148,2021,Mid-Level,Full-Time,Data Engineer,90000,USD,90000,US,100,Remote,US,Large,Mid-Level,False
149,2021,Senior,Full-Time,Data Engineering Manager,153000,USD,153000,US,100,Remote,US,Large,Senior,False
150,2021,Senior,Full-Time,Cloud Data Engineer,160000,USD,160000,BR,100,Remote,US,Small,Senior,False
151,2021,Senior,Full-Time,Director Of Data Science,168000,USD,168000,JP,0,On-Site,JP,Small,Senior,False
152,2021,Mid-Level,Full-Time,Data Scientist,150000,USD,150000,US,100,Remote,US,Medium,Senior,False
153,2021,Mid-Level,Full-Time,Data Scientist,95000,CAD,75774,CA,100,Remote,CA,Large,Mid-Level,False
154,2021,Entry,Full-Time,Data Scientist,13400,USD,13400,UA,100,Remote,UA,Large,Junior,False
155,2021,Senior,Full-Time,Data Science Manager,144000,USD,144000,US,100,Remote,US,Large,Senior,False
156,2021,Senior,Full-Time,Data Science Engineer,159500,CAD,127221,CA,50,Hybrid,CA,Large,Senior,False
157,2021,Mid-Level,Full-Time,Data Scientist,160000,SGD,119059,SG,100,Remote,IL,Medium,Mid-Level,False
158,2021,Mid-Level,Full-Time,Applied Machine Learning Scientist,423000,USD,423000,US,50,Hybrid,US,Large,Executive,True
159,2021,Senior,Full-Time,Data Analytics Manager,120000,USD,120000,US,100,Remote,US,Medium,Senior,False
160,2021,Entry,Full-Time,Machine Learning Engineer,125000,USD,125000,US,100,Remote,US,Small,Senior,False
161,2021,Executive,Full-Time,Head Of Data,230000,USD,230000,RU,50,Hybrid,RU,Large,Executive,False
162,2021,Executive,Full-Time,Head Of Data Science,85000,USD,85000,RU,0,On-Site,RU,Medium,Mid-Level,False
163,2021,Mid-Level,Full-Time,Data Engineer,24000,EUR,28369,MT,50,Hybrid,MT,Large,Junior,False
164,2021,Entry,Full-Time,Data Science Consultant,54000,EUR,63831,DE,50,Hybrid,DE,Large,Mid-Level,False
165,2021,Executive,Full-Time,Director Of Data Science,110000,EUR,130026,DE,50,Hybrid,DE,Medium,Senior,False
166,2021,Senior,Full-Time,Data Specialist,165000,USD,165000,US,100,Remote,US,Large,Senior,False
167,2021,Entry,Full-Time,Data Engineer,80000,USD,80000,US,100,Remote,US,Large,Mid-Level,False
168,2021,Executive,Full-Time,Director Of Data Science,250000,USD,250000,US,0,On-Site,US,Large,Executive,False
169,2021,Entry,Full-Time,Bi Data Analyst,55000,USD,55000,US,50,Hybrid,US,Small,Junior,False
170,2021,Mid-Level,Full-Time,Data Architect,150000,USD,150000,US,100,Remote,US,Large,Senior,False
171,2021,Mid-Level,Full-Time,Data Architect,170000,USD,170000,US,100,Remote,US,Large,Senior,False
172,2021,Mid-Level,Full-Time,Data Engineer,60000,GBP,82528,GB,100,Remote,GB,Large,Mid-Level,False
173,2021,Entry,Full-Time,Data Analyst,60000,USD,60000,US,100,Remote,US,Small,Mid-Level,False
174,2021,Senior,Full-Time,Principal Data Scientist,235000,USD,235000,US,100,Remote,US,Large,Executive,False
175,2021,Senior,Full-Time,Research Scientist,51400,EUR,60757,PT,50,Hybrid,PT,Large,Mid-Level,False
176,2021,Senior,Full-Time,Data Engineering Manager,174000,USD,174000,US,100,Remote,US,Large,Senior,False
177,2021,Mid-Level,Full-Time,Data Scientist,58000,MXN,2859,MX,0,On-Site,MX,Small,Junior,False
178,2021,Mid-Level,Full-Time,Data Scientist,30400000,CLP,40038,CL,100,Remote,CL,Large,Junior,True
179,2021,Entry,Full-Time,Machine Learning Engineer,81000,USD,81000,US,50,Hybrid,US,Small,Mid-Level,False
180,2021,Mid-Level,Full-Time,Data Scientist,420000,INR,5679,IN,100,Remote,US,Small,Junior,True
181,2021,Mid-Level,Full-Time,Big Data Engineer,1672000,INR,22611,IN,0,On-Site,IN,Large,Junior,True
182,2021,Mid-Level,Full-Time,Data Scientist,76760,EUR,90734,DE,50,Hybrid,DE,Large,Mid-Level,False
183,2021,Mid-Level,Full-Time,Data Engineer,22000,EUR,26005,RO,0,On-Site,US,Large,Junior,False
184,2021,Senior,Full-Time,Finance Data Analyst,45000,GBP,61896,GB,50,Hybrid,GB,Large,Mid-Level,False
185,2021,Mid-Level,,Machine Learning Scientist,12000,USD,12000,PK,50,Hybrid,PK,Medium,Junior,False
186,2021,Mid-Level,Full-Time,Data Engineer,4000,USD,4000,IR,100,Remote,IR,Medium,Junior,False
187,2021,Senior,Full-Time,Data Analytics Engineer,50000,USD,50000,VN,100,Remote,GB,Medium,Junior,False
188,2021,Executive,Full-Time,Data Science Consultant,59000,EUR,69741,FR,100,Remote,ES,Small,Mid-Level,False
189,2021,Senior,Full-Time,Data Engineer,65000,EUR,76833,RO,50,Hybrid,GB,Small,Mid-Level,False
190,2021,Mid-Level,Full-Time,Machine Learning Engineer,74000,USD,74000,JP,50,Hybrid,JP,Small,Mid-Level,False
191,2021,Senior,Full-Time,Data Science Manager,152000,USD,152000,US,100,Remote,FR,Large,Senior,False
192,2021,Entry,Full-Time,Machine Learning Engineer,21844,USD,21844,CO,50,Hybrid,CO,Medium,Junior,False
193,2021,Mid-Level,Full-Time,Big Data Engineer,18000,USD,18000,MD,0,On-Site,MD,Small,Junior,False
194,2021,Senior,Full-Time,Data Science Manager,174000,USD,174000,US,100,Remote,US,Large,Senior,False
195,2021,Senior,Full-Time,Research Scientist,120500,CAD,96113,CA,50,Hybrid,CA,Large,Mid-Level,False
196,2021,Mid-Level,Full-Time,Data Scientist,147000,USD,147000,US,50,Hybrid,US,Large,Senior,False
197,2021,Entry,Full-Time,Bi Data Analyst,9272,USD,9272,KE,100,Remote,KE,Small,Junior,False
198,2021,Senior,Full-Time,Machine Learning Engineer,1799997,INR,24342,IN,100,Remote,IN,Large,Junior,True
199,2021,Senior,Full-Time,Data Science Manager,4000000,INR,54094,IN,50,Hybrid,US,Large,Junior,True
200,2021,Entry,Full-Time,Data Science Consultant,90000,USD,90000,US,100,Remote,US,Small,Mid-Level,False
201,2021,Mid-Level,Full-Time,Data Scientist,52000,EUR,61467,DE,50,Hybrid,AT,Medium,Mid-Level,False
202,2021,Senior,Full-Time,Machine Learning Infrastructure Engineer,195000,USD,195000,US,100,Remote,US,Medium,Senior,False
203,2021,Mid-Level,Full-Time,Data Scientist,32000,EUR,37825,ES,100,Remote,ES,Large,Junior,False
204,2021,Senior,Full-Time,Research Scientist,50000,USD,50000,FR,100,Remote,US,Small,Junior,False
205,2021,Mid-Level,Full-Time,Data Scientist,160000,USD,160000,US,100,Remote,US,Large,Senior,False
206,2021,Mid-Level,Full-Time,Data Scientist,69600,BRL,12901,BR,0,On-Site,BR,Small,Junior,False
207,2021,Senior,Full-Time,Machine Learning Engineer,200000,USD,200000,US,100,Remote,US,Large,Executive,False
208,2021,Senior,Full-Time,Data Engineer,165000,USD,165000,US,0,On-Site,US,Medium,Senior,False
209,2021,Mid-Level,,Data Engineer,20000,USD,20000,IT,0,On-Site,US,Large,Junior,False
210,2021,Senior,Full-Time,Data Analytics Manager,120000,USD,120000,US,0,On-Site,US,Large,Senior,False
211,2021,Mid-Level,Full-Time,Machine Learning Engineer,21000,EUR,24823,SI,50,Hybrid,SI,Large,Junior,False
212,2021,Mid-Level,Full-Time,Research Scientist,48000,EUR,56738,FR,50,Hybrid,FR,Small,Junior,False
213,2021,Mid-Level,Full-Time,Data Engineer,48000,GBP,66022,HK,50,Hybrid,GB,Small,Mid-Level,False
214,2021,Entry,Full-Time,Big Data Engineer,435000,INR,5882,IN,0,On-Site,CH,Large,Junior,True
215,2021,Entry,Full-Time,Machine Learning Engineer,21000,EUR,24823,DE,50,Hybrid,DE,Medium,Junior,False
216,2021,Senior,Full-Time,Principal Data Engineer,185000,USD,185000,US,100,Remote,US,Large,Senior,False
217,2021,Entry,Part-Time,Computer Vision Engineer,180000,DKK,28609,DK,50,Hybrid,DK,Small,Junior,False
218,2021,Mid-Level,Full-Time,Data Scientist,76760,EUR,90734,DE,50,Hybrid,DE,Large,Mid-Level,False
219,2021,Mid-Level,Full-Time,Machine Learning Engineer,75000,EUR,88654,BE,100,Remote,BE,Medium,Mid-Level,False
220,2021,Senior,Full-Time,Data Analytics Manager,140000,USD,140000,US,100,Remote,US,Large,Senior,False
221,2021,Mid-Level,Full-Time,Machine Learning Engineer,180000,PLN,46597,PL,100,Remote,PL,Large,Junior,False
222,2021,Mid-Level,Full-Time,Data Scientist,85000,GBP,116914,GB,50,Hybrid,GB,Large,Mid-Level,False
223,2021,Mid-Level,Full-Time,Data Scientist,2500000,INR,33808,IN,0,On-Site,IN,Medium,Junior,True
224,2021,Mid-Level,Full-Time,Data Scientist,40900,GBP,56256,GB,50,Hybrid,GB,Large,Junior,False
225,2021,Senior,Full-Time,Machine Learning Scientist,225000,USD,225000,US,100,Remote,CA,Large,Executive,False
226,2021,Executive,Contract,Principal Data Scientist,416000,USD,416000,US,100,Remote,US,Small,Executive,True
227,2021,Senior,Full-Time,Data Scientist,110000,CAD,87738,CA,100,Remote,CA,Small,Mid-Level,False
228,2021,Mid-Level,Full-Time,Data Scientist,75000,EUR,88654,DE,50,Hybrid,DE,Large,Mid-Level,False
229,2021,Senior,Full-Time,Data Scientist,135000,USD,135000,US,0,On-Site,US,Large,Senior,False
230,2021,Senior,Full-Time,Data Analyst,90000,CAD,71786,CA,100,Remote,CA,Medium,Mid-Level,False
231,2021,Entry,Full-Time,Big Data Engineer,1200000,INR,16228,IN,100,Remote,IN,Large,Junior,True
232,2021,Senior,Full-Time,Ml Engineer,256000,USD,256000,US,100,Remote,US,Small,Executive,False
233,2021,Senior,Full-Time,Director Of Data Engineering,200000,USD,200000,US,100,Remote,US,Large,Executive,False
234,2021,Senior,Full-Time,Data Analyst,200000,USD,200000,US,100,Remote,US,Large,Executive,False
235,2021,Mid-Level,Full-Time,Data Architect,180000,USD,180000,US,100,Remote,US,Large,Senior,False
236,2021,Mid-Level,Full-Time,Head Of Data Science,110000,USD,110000,US,0,On-Site,US,Small,Mid-Level,False
237,2021,Mid-Level,Full-Time,Research Scientist,80000,CAD,63810,CA,100,Remote,CA,Medium,Mid-Level,False
238,2021,Mid-Level,Full-Time,Data Scientist,39600,EUR,46809,ES,100,Remote,ES,Medium,Junior,False
239,2021,Entry,Full-Time,Data Scientist,4000,USD,4000,VN,0,On-Site,VN,Medium,Junior,False
240,2021,Entry,Full-Time,Data Engineer,1600000,INR,21637,IN,50,Hybrid,IN,Medium,Junior,True
241,2021,Senior,Full-Time,Data Scientist,130000,CAD,103691,CA,100,Remote,CA,Large,Mid-Level,False
242,2021,Mid-Level,Full-Time,Data Analyst,80000,USD,80000,US,100,Remote,US,Large,Mid-Level,False
243,2021,Mid-Level,Full-Time,Data Engineer,110000,USD,110000,US,100,Remote,US,Large,Mid-Level,False
244,2021,Senior,Full-Time,Data Scientist,165000,USD,165000,US,100,Remote,US,Large,Senior,False
245,2021,Entry,Full-Time,Ai Scientist,1335000,INR,18053,IN,100,Remote,AS,Small,Junior,True
246,2021,Mid-Level,Full-Time,Data Engineer,52500,GBP,72212,GB,50,Hybrid,GB,Large,Mid-Level,False
247,2021,Entry,Full-Time,Data Scientist,31000,EUR,36643,FR,50,Hybrid,FR,Large,Junior,False
248,2021,Mid-Level,Full-Time,Data Engineer,108000,TRY,12103,TR,0,On-Site,TR,Medium,Junior,False
249,2021,Senior,Full-Time,Data Engineer,70000,GBP,96282,GB,50,Hybrid,GB,Large,Mid-Level,False
250,2021,Senior,Full-Time,Principal Data Analyst,170000,USD,170000,US,100,Remote,US,Medium,Senior,False
251,2021,Mid-Level,Full-Time,Data Scientist,115000,USD,115000,US,50,Hybrid,US,Large,Mid-Level,False
252,2021,Entry,Full-Time,Data Scientist,90000,USD,90000,US,100,Remote,US,Small,Mid-Level,False
253,2021,Executive,Full-Time,Principal Data Engineer,600000,USD,600000,US,100,Remote,US,Large,Executive,True
254,2021,Entry,Full-Time,Data Scientist,2100000,INR,28399,IN,100,Remote,IN,Medium,Junior,True
255,2021,Mid-Level,Full-Time,Data Analyst,93000,USD,93000,US,100,Remote,US,Large,Mid-Level,False
256,2021,Senior,Full-Time,Big Data Architect,125000,CAD,99703,CA,50,Hybrid,CA,Medium,Mid-Level,False
257,2021,Mid-Level,Full-Time,Data Engineer,200000,USD,200000,US,100,Remote,US,Large,Executive,False
258,2021,Senior,Full-Time,Principal Data Scientist,147000,EUR,173762,DE,100,Remote,DE,Medium,Senior,False
259,2021,Senior,Full-Time,Machine Learning Engineer,185000,USD,185000,US,50,Hybrid,US,Large,Senior,False
260,2021,Executive,Full-Time,Director Of Data Science,120000,EUR,141846,DE,0,On-Site,DE,Large,Senior,False
261,2021,Mid-Level,Full-Time,Data Scientist,130000,USD,130000,US,50,Hybrid,US,Large,Senior,False
262,2021,Senior,Full-Time,Data Analyst,54000,EUR,63831,DE,50,Hybrid,DE,Large,Mid-Level,False
263,2021,Mid-Level,Full-Time,Data Scientist,1250000,INR,16904,IN,100,Remote,IN,Small,Junior,True
264,2021,Senior,Full-Time,Machine Learning Engineer,4900000,INR,66265,IN,0,On-Site,IN,Large,Mid-Level,True
265,2021,Mid-Level,Full-Time,Data Scientist,21600,EUR,25532,RS,100,Remote,DE,Small,Junior,False
266,2021,Senior,Full-Time,Lead Data Engineer,160000,USD,160000,PR,50,Hybrid,US,Small,Senior,False
267,2021,Mid-Level,Full-Time,Data Engineer,93150,USD,93150,US,0,On-Site,US,Medium,Mid-Level,False
268,2021,Mid-Level,Full-Time,Data Engineer,111775,USD,111775,US,0,On-Site,US,Medium,Mid-Level,False
269,2021,Mid-Level,Full-Time,Data Engineer,250000,TRY,28016,TR,100,Remote,TR,Medium,Junior,False
270,2021,Entry,Full-Time,Data Engineer,55000,EUR,65013,DE,50,Hybrid,DE,Medium,Mid-Level,False
271,2021,Entry,Full-Time,Data Engineer,72500,USD,72500,US,100,Remote,US,Large,Mid-Level,False
272,2021,Senior,Full-Time,Computer Vision Engineer,102000,BRL,18907,BR,0,On-Site,BR,Medium,Junior,False
273,2021,Entry,Full-Time,Data Science Consultant,65000,EUR,76833,DE,0,On-Site,DE,Large,Mid-Level,False
274,2021,Entry,Full-Time,Machine Learning Engineer,85000,USD,85000,NL,100,Remote,DE,Small,Mid-Level,False
275,2021,Senior,Full-Time,Data Scientist,65720,EUR,77684,FR,50,Hybrid,FR,Medium,Mid-Level,False
276,2021,Entry,Full-Time,Data Scientist,100000,USD,100000,US,100,Remote,US,Medium,Mid-Level,False
277,2021,Entry,Full-Time,Data Scientist,58000,USD,58000,US,50,Hybrid,US,Large,Junior,False
278,2021,Senior,Full-Time,Ai Scientist,55000,USD,55000,ES,100,Remote,ES,Large,Junior,False
279,2021,Senior,Full-Time,Data Scientist,180000,TRY,20171,TR,50,Hybrid,TR,Large,Junior,False
280,2021,Entry,Full-Time,Business Data Analyst,50000,EUR,59102,LU,100,Remote,LU,Large,Junior,False
281,2021,Mid-Level,Full-Time,Data Engineer,112000,USD,112000,US,100,Remote,US,Large,Mid-Level,False
282,2021,Entry,Full-Time,Research Scientist,100000,USD,100000,JE,0,On-Site,CN,Large,Mid-Level,False
283,2021,Mid-Level,Part-Time,Data Engineer,59000,EUR,69741,NL,100,Remote,NL,Large,Mid-Level,False
284,2021,Senior,Contract,Staff Data Scientist,105000,USD,105000,US,100,Remote,US,Medium,Mid-Level,False
285,2021,Mid-Level,Full-Time,Research Scientist,69999,USD,69999,CZ,50,Hybrid,CZ,Large,Mid-Level,False
286,2021,Senior,Full-Time,Data Science Manager,7000000,INR,94665,IN,50,Hybrid,IN,Large,Mid-Level,True
287,2021,Senior,Full-Time,Head Of Data,87000,EUR,102839,SI,100,Remote,SI,Large,Mid-Level,False
288,2021,Mid-Level,Full-Time,Data Scientist,109000,USD,109000,US,50,Hybrid,US,Large,Mid-Level,False
289,2021,Mid-Level,Full-Time,Machine Learning Engineer,43200,EUR,51064,IT,50,Hybrid,IT,Large,Junior,False
290,2022,Senior,Full-Time,Data Engineer,135000,USD,135000,US,100,Remote,US,Medium,Senior,False
291,2022,Senior,Full-Time,Data Analyst,155000,USD,155000,US,100,Remote,US,Medium,Senior,False
292,2022,Senior,Full-Time,Data Analyst,120600,USD,120600,US,100,Remote,US,Medium,Senior,False
293,2022,Mid-Level,Full-Time,Data Scientist,130000,USD,130000,US,0,On-Site,US,Medium,Senior,False
294,2022,Mid-Level,Full-Time,Data Scientist,90000,USD,90000,US,0,On-Site,US,Medium,Mid-Level,False
295,2022,Mid-Level,Full-Time,Data Engineer,170000,USD,170000,US,100,Remote,US,Medium,Senior,False
296,2022,Mid-Level,Full-Time,Data Engineer,150000,USD,150000,US,100,Remote,US,Medium,Senior,False
297,2022,Senior,Full-Time,Data Analyst,102100,USD,102100,US,100,Remote,US,Medium,Mid-Level,False
298,2022,Senior,Full-Time,Data Analyst,84900,USD,84900,US,100,Remote,US,Medium,Mid-Level,False
299,2022,Senior,Full-Time,Data Scientist,136620,USD,136620,US,100,Remote,US,Medium,Senior,False
300,2022,Senior,Full-Time,Data Scientist,99360,USD,99360,US,100,Remote,US,Medium,Mid-Level,False
301,2022,Senior,Full-Time,Data Scientist,90000,GBP,117789,GB,0,On-Site,GB,Medium,Mid-Level,False
302,2022,Senior,Full-Time,Data Scientist,80000,GBP,104702,GB,0,On-Site,GB,Medium,Mid-Level,False
303,2022,Senior,Full-Time,Data Scientist,146000,USD,146000,US,100,Remote,US,Medium,Senior,False
304,2022,Senior,Full-Time,Data Scientist,123000,USD,123000,US,100,Remote,US,Medium,Senior,False
305,2022,Entry,Full-Time,Data Engineer,40000,GBP,52351,GB,100,Remote,GB,Medium,Junior,False
306,2022,Senior,Full-Time,Data Analyst,99000,USD,99000,US,0,On-Site,US,Medium,Mid-Level,False
307,2022,Senior,Full-Time,Data Analyst,116000,USD,116000,US,0,On-Site,US,Medium,Mid-Level,False
308,2022,Mid-Level,Full-Time,Data Analyst,106260,USD,106260,US,0,On-Site,US,Medium,Mid-Level,False
309,2022,Mid-Level,Full-Time,Data Analyst,126500,USD,126500,US,0,On-Site,US,Medium,Senior,False
310,2022,Executive,Full-Time,Data Engineer,242000,USD,242000,US,100,Remote,US,Medium,Executive,False
311,2022,Executive,Full-Time,Data Engineer,200000,USD,200000,US,100,Remote,US,Medium,Executive,False
312,2022,Mid-Level,Full-Time,Data Scientist,50000,GBP,65438,GB,0,On-Site,GB,Medium,Mid-Level,False
313,2022,Mid-Level,Full-Time,Data Scientist,30000,GBP,39263,GB,0,On-Site,GB,Medium,Junior,False
314,2022,Mid-Level,Full-Time,Data Engineer,60000,GBP,78526,GB,0,On-Site,GB,Medium,Mid-Level,False
315,2022,Mid-Level,Full-Time,Data Engineer,40000,GBP,52351,GB,0,On-Site,GB,Medium,Junior,False
316,2022,Senior,Full-Time,Data Scientist,165220,USD,165220,US,100,Remote,US,Medium,Senior,False
317,2022,Entry,Full-Time,Data Engineer,35000,GBP,45807,GB,100,Remote,GB,Medium,Junior,False
318,2022,Senior,Full-Time,Data Scientist,120160,USD,120160,US,100,Remote,US,Medium,Senior,False
319,2022,Senior,Full-Time,Data Analyst,90320,USD,90320,US,100,Remote,US,Medium,Mid-Level,False
320,2022,Senior,Full-Time,Data Engineer,181940,USD,181940,US,0,On-Site,US,Medium,Senior,False
321,2022,Senior,Full-Time,Data Engineer,132320,USD,132320,US,0,On-Site,US,Medium,Senior,False
322,2022,Senior,Full-Time,Data Engineer,220110,USD,220110,US,0,On-Site,US,Medium,Executive,False
323,2022,Senior,Full-Time,Data Engineer,160080,USD,160080,US,0,On-Site,US,Medium,Senior,False
324,2022,Senior,Full-Time,Data Scientist,180000,USD,180000,US,0,On-Site,US,Large,Senior,False
325,2022,Senior,Full-Time,Data Scientist,120000,USD,120000,US,0,On-Site,US,Large,Senior,False
326,2022,Senior,Full-Time,Data Analyst,124190,USD,124190,US,100,Remote,US,Medium,Senior,False
327,2022,Executive,Full-Time,Data Analyst,130000,USD,130000,US,100,Remote,US,Medium,Senior,False
328,2022,Executive,Full-Time,Data Analyst,110000,USD,110000,US,100,Remote,US,Medium,Mid-Level,False
329,2022,Senior,Full-Time,Data Analyst,170000,USD,170000,US,100,Remote,US,Medium,Senior,False
330,2022,Mid-Level,Full-Time,Data Analyst,115500,USD,115500,US,100,Remote,US,Medium,Mid-Level,False
331,2022,Senior,Full-Time,Data Analyst,112900,USD,112900,US,100,Remote,US,Medium,Mid-Level,False
332,2022,Senior,Full-Time,Data Analyst,90320,USD,90320,US,100,Remote,US,Medium,Mid-Level,False
333,2022,Senior,Full-Time,Data Analyst,112900,USD,112900,US,100,Remote,US,Medium,Mid-Level,False
334,2022,Senior,Full-Time,Data Analyst,90320,USD,90320,US,100,Remote,US,Medium,Mid-Level,False
335,2022,Senior,Full-Time,Data Engineer,165400,USD,165400,US,100,Remote,US,Medium,Senior,False
336,2022,Senior,Full-Time,Data Engineer,132320,USD,132320,US,100,Remote,US,Medium,Senior,False
337,2022,Mid-Level,Full-Time,Data Analyst,167000,USD,167000,US,100,Remote,US,Medium,Senior,False
338,2022,Senior,Full-Time,Data Engineer,243900,USD,243900,US,100,Remote,US,Medium,Executive,False
339,2022,Senior,Full-Time,Data Analyst,136600,USD,136600,US,100,Remote,US,Medium,Senior,False
340,2022,Senior,Full-Time,Data Analyst,109280,USD,109280,US,100,Remote,US,Medium,Mid-Level,False
341,2022,Senior,Full-Time,Data Engineer,128875,USD,128875,US,100,Remote,US,Medium,Senior,False
342,2022,Senior,Full-Time,Data Engineer,93700,USD,93700,US,100,Remote,US,Medium,Mid-Level,False
343,2022,Executive,Full-Time,Head Of Data Science,224000,USD,224000,US,100,Remote,US,Medium,Executive,False
344,2022,Executive,Full-Time,Head Of Data Science,167875,USD,167875,US,100,Remote,US,Medium,Senior,False
345,2022,Executive,Full-Time,Analytics Engineer,175000,USD,175000,US,100,Remote,US,Medium,Senior,False
346,2022,Senior,Full-Time,Data Engineer,156600,USD,156600,US,100,Remote,US,Medium,Senior,False
347,2022,Senior,Full-Time,Data Engineer,108800,USD,108800,US,0,On-Site,US,Medium,Mid-Level,False
348,2022,Senior,Full-Time,Data Scientist,95550,USD,95550,US,0,On-Site,US,Medium,Mid-Level,False
349,2022,Senior,Full-Time,Data Engineer,113000,USD,113000,US,0,On-Site,US,Large,Mid-Level,False
350,2022,Senior,Full-Time,Data Analyst,135000,USD,135000,US,100,Remote,US,Medium,Senior,False
351,2022,Senior,Full-Time,Data Science Manager,161342,USD,161342,US,100,Remote,US,Medium,Senior,False
352,2022,Senior,Full-Time,Data Science Manager,137141,USD,137141,US,100,Remote,US,Medium,Senior,False
353,2022,Senior,Full-Time,Data Scientist,167000,USD,167000,US,100,Remote,US,Medium,Senior,False
354,2022,Senior,Full-Time,Data Scientist,123000,USD,123000,US,100,Remote,US,Medium,Senior,False
355,2022,Senior,Full-Time,Data Engineer,60000,GBP,78526,GB,0,On-Site,GB,Medium,Mid-Level,False
356,2022,Senior,Full-Time,Data Engineer,50000,GBP,65438,GB,0,On-Site,GB,Medium,Mid-Level,False
357,2022,Senior,Full-Time,Data Scientist,150000,USD,150000,US,0,On-Site,US,Medium,Senior,False
358,2022,Senior,Full-Time,Data Scientist,211500,USD,211500,US,100,Remote,US,Medium,Executive,False
359,2022,Senior,Full-Time,Data Architect,192400,USD,192400,CA,100,Remote,CA,Medium,Senior,False
360,2022,Senior,Full-Time,Data Architect,90700,USD,90700,CA,100,Remote,CA,Medium,Mid-Level,False
361,2022,Senior,Full-Time,Data Analyst,130000,USD,130000,CA,100,Remote,CA,Medium,Senior,False
362,2022,Senior,Full-Time,Data Analyst,61300,USD,61300,CA,100,Remote,CA,Medium,Mid-Level,False
363,2022,Senior,Full-Time,Data Analyst,130000,USD,130000,CA,100,Remote,CA,Medium,Senior,False
364,2022,Senior,Full-Time,Data Analyst,61300,USD,61300,CA,100,Remote,CA,Medium,Mid-Level,False
365,2022,Senior,Full-Time,Data Engineer,160000,USD,160000,US,0,On-Site,US,Large,Senior,False
366,2022,Senior,Full-Time,Data Scientist,138600,USD,138600,US,100,Remote,US,Medium,Senior,False
367,2022,Senior,Full-Time,Data Engineer,136000,USD,136000,US,0,On-Site,US,Medium,Senior,False
368,2022,Mid-Level,Full-Time,Data Analyst,58000,USD,58000,US,0,On-Site,US,Small,Junior,False
369,2022,Executive,Full-Time,Analytics Engineer,135000,USD,135000,US,100,Remote,US,Medium,Senior,False
370,2022,Senior,Full-Time,Data Scientist,170000,USD,170000,US,100,Remote,US,Medium,Senior,False
371,2022,Senior,Full-Time,Data Scientist,123000,USD,123000,US,100,Remote,US,Medium,Senior,False
372,2022,Senior,Full-Time,Machine Learning Engineer,189650,USD,189650,US,0,On-Site,US,Medium,Senior,False
373,2022,Senior,Full-Time,Machine Learning Engineer,164996,USD,164996,US,0,On-Site,US,Medium,Senior,False
374,2022,Mid-Level,Full-Time,Etl Developer,50000,EUR,54957,GR,0,On-Site,GR,Medium,Junior,False
375,2022,Mid-Level,Full-Time,Etl Developer,50000,EUR,54957,GR,0,On-Site,GR,Medium,Junior,False
376,2022,Executive,Full-Time,Lead Data Engineer,150000,CAD,118187,CA,100,Remote,CA,Small,Mid-Level,False
377,2022,Senior,Full-Time,Data Analyst,132000,USD,132000,US,0,On-Site,US,Medium,Senior,False
378,2022,Senior,Full-Time,Data Engineer,165400,USD,165400,US,100,Remote,US,Medium,Senior,False
379,2022,Senior,Full-Time,Data Architect,208775,USD,208775,US,100,Remote,US,Medium,Executive,False
380,2022,Senior,Full-Time,Data Architect,147800,USD,147800,US,100,Remote,US,Medium,Senior,False
381,2022,Senior,Full-Time,Data Engineer,136994,USD,136994,US,100,Remote,US,Medium,Senior,False
382,2022,Senior,Full-Time,Data Engineer,101570,USD,101570,US,100,Remote,US,Medium,Mid-Level,False
383,2022,Senior,Full-Time,Data Analyst,128875,USD,128875,US,100,Remote,US,Medium,Senior,False
384,2022,Senior,Full-Time,Data Analyst,93700,USD,93700,US,100,Remote,US,Medium,Mid-Level,False
385,2022,Executive,Full-Time,Head Of Machine Learning,6000000,INR,79039,IN,50,Hybrid,IN,Large,Mid-Level,True
386,2022,Senior,Full-Time,Data Engineer,132320,USD,132320,US,100,Remote,US,Medium,Senior,False
387,2022,Entry,Full-Time,Machine Learning Engineer,28500,GBP,37300,GB,100,Remote,GB,Large,Junior,False
388,2022,Senior,Full-Time,Data Analyst,164000,USD,164000,US,0,On-Site,US,Medium,Senior,False
389,2022,Senior,Full-Time,Data Engineer,155000,USD,155000,US,100,Remote,US,Medium,Senior,False
390,2022,Mid-Level,Full-Time,Machine Learning Engineer,95000,GBP,124333,GB,0,On-Site,GB,Medium,Senior,False
391,2022,Mid-Level,Full-Time,Machine Learning Engineer,75000,GBP,98158,GB,0,On-Site,GB,Medium,Mid-Level,False
392,2022,Mid-Level,Full-Time,Ai Scientist,120000,USD,120000,US,0,On-Site,US,Medium,Senior,False
393,2022,Senior,Full-Time,Data Analyst,112900,USD,112900,US,100,Remote,US,Medium,Mid-Level,False
394,2022,Senior,Full-Time,Data Analyst,90320,USD,90320,US,100,Remote,US,Medium,Mid-Level,False
395,2022,Senior,Full-Time,Data Analytics Manager,145000,USD,145000,US,100,Remote,US,Medium,Senior,False
396,2022,Senior,Full-Time,Data Analytics Manager,105400,USD,105400,US,100,Remote,US,Medium,Mid-Level,False
397,2022,Mid-Level,Full-Time,Machine Learning Engineer,80000,EUR,87932,FR,100,Remote,DE,Medium,Mid-Level,False
398,2022,Mid-Level,Full-Time,Data Engineer,90000,GBP,117789,GB,0,On-Site,GB,Medium,Mid-Level,False
399,2022,Senior,Full-Time,Data Scientist,215300,USD,215300,US,100,Remote,US,Large,Executive,False
400,2022,Senior,Full-Time,Data Scientist,158200,USD,158200,US,100,Remote,US,Large,Senior,False
401,2022,Senior,Full-Time,Data Engineer,209100,USD,209100,US,100,Remote,US,Large,Executive,False
402,2022,Senior,Full-Time,Data Engineer,154600,USD,154600,US,100,Remote,US,Large,Senior,False
403,2022,Senior,Full-Time,Data Analyst,115934,USD,115934,US,0,On-Site,US,Medium,Mid-Level,False
404,2022,Senior,Full-Time,Data Analyst,81666,USD,81666,US,0,On-Site,US,Medium,Mid-Level,False
405,2022,Senior,Full-Time,Data Engineer,175000,USD,175000,US,100,Remote,US,Medium,Senior,False
406,2022,Mid-Level,Full-Time,Data Engineer,75000,GBP,98158,GB,0,On-Site,GB,Medium,Mid-Level,False
407,2022,Mid-Level,Full-Time,Data Analyst,58000,USD,58000,US,0,On-Site,US,Small,Junior,False
408,2022,Senior,Full-Time,Data Engineer,183600,USD,183600,US,100,Remote,US,Large,Senior,False
409,2022,Mid-Level,Full-Time,Data Analyst,40000,GBP,52351,GB,100,Remote,GB,Medium,Junior,False
410,2022,Senior,Full-Time,Data Scientist,180000,USD,180000,US,100,Remote,US,Medium,Senior,False
411,2022,Mid-Level,Full-Time,Data Scientist,55000,GBP,71982,GB,0,On-Site,GB,Medium,Mid-Level,False
412,2022,Mid-Level,Full-Time,Data Scientist,35000,GBP,45807,GB,0,On-Site,GB,Medium,Junior,False
413,2022,Mid-Level,Full-Time,Data Engineer,60000,EUR,65949,GR,100,Remote,GR,Medium,Mid-Level,False
414,2022,Mid-Level,Full-Time,Data Engineer,45000,EUR,49461,GR,100,Remote,GR,Medium,Junior,False
415,2022,Mid-Level,Full-Time,Data Engineer,60000,GBP,78526,GB,100,Remote,GB,Medium,Mid-Level,False
416,2022,Mid-Level,Full-Time,Data Engineer,45000,GBP,58894,GB,100,Remote,GB,Medium,Junior,False
417,2022,Senior,Full-Time,Data Scientist,260000,USD,260000,US,100,Remote,US,Medium,Executive,False
418,2022,Senior,Full-Time,Data Science Engineer,60000,USD,60000,AR,100,Remote,MX,Large,Mid-Level,False
419,2022,Mid-Level,Full-Time,Data Engineer,63900,USD,63900,US,0,On-Site,US,Medium,Mid-Level,False
420,2022,Mid-Level,Full-Time,Machine Learning Scientist,160000,USD,160000,US,100,Remote,US,Large,Senior,False
421,2022,Mid-Level,Full-Time,Machine Learning Scientist,112300,USD,112300,US,100,Remote,US,Large,Mid-Level,False
422,2022,Mid-Level,Full-Time,Data Science Manager,241000,USD,241000,US,100,Remote,US,Medium,Executive,False
423,2022,Mid-Level,Full-Time,Data Science Manager,159000,USD,159000,US,100,Remote,US,Medium,Senior,False
424,2022,Senior,Full-Time,Data Scientist,180000,USD,180000,US,0,On-Site,US,Medium,Senior,False
425,2022,Senior,Full-Time,Data Scientist,80000,USD,80000,US,0,On-Site,US,Medium,Mid-Level,False
426,2022,Mid-Level,Full-Time,Data Engineer,82900,USD,82900,US,0,On-Site,US,Medium,Mid-Level,False
427,2022,Senior,Full-Time,Data Engineer,100800,USD,100800,US,100,Remote,US,Large,Mid-Level,False
428,2022,Mid-Level,Full-Time,Data Engineer,45000,EUR,49461,ES,100,Remote,ES,Medium,Junior,False
429,2022,Senior,Full-Time,Data Scientist,140400,USD,140400,US,0,On-Site,US,Large,Senior,False
430,2022,Mid-Level,Full-Time,Data Analyst,30000,GBP,39263,GB,100,Remote,GB,Medium,Junior,False
431,2022,Mid-Level,Full-Time,Data Analyst,40000,EUR,43966,ES,100,Remote,ES,Medium,Junior,False
432,2022,Mid-Level,Full-Time,Data Analyst,30000,EUR,32974,ES,100,Remote,ES,Medium,Junior,False
433,2022,Mid-Level,Full-Time,Data Engineer,80000,EUR,87932,ES,100,Remote,ES,Medium,Mid-Level,False
434,2022,Mid-Level,Full-Time,Data Engineer,70000,EUR,76940,ES,100,Remote,ES,Medium,Mid-Level,False
435,2022,Mid-Level,Full-Time,Data Engineer,80000,GBP,104702,GB,100,Remote,GB,Medium,Mid-Level,False
436,2022,Mid-Level,Full-Time,Data Engineer,70000,GBP,91614,GB,100,Remote,GB,Medium,Mid-Level,False
437,2022,Mid-Level,Full-Time,Data Engineer,60000,EUR,65949,ES,100,Remote,ES,Medium,Mid-Level,False
438,2022,Mid-Level,Full-Time,Data Engineer,80000,EUR,87932,GR,100,Remote,GR,Medium,Mid-Level,False
439,2022,Senior,Full-Time,Machine Learning Engineer,189650,USD,189650,US,0,On-Site,US,Medium,Senior,False
440,2022,Senior,Full-Time,Machine Learning Engineer,164996,USD,164996,US,0,On-Site,US,Medium,Senior,False
441,2022,Mid-Level,Full-Time,Data Analyst,40000,EUR,43966,GR,100,Remote,GR,Medium,Junior,False
442,2022,Mid-Level,Full-Time,Data Analyst,30000,EUR,32974,GR,100,Remote,GR,Medium,Junior,False
443,2022,Mid-Level,Full-Time,Data Engineer,75000,GBP,98158,GB,100,Remote,GB,Medium,Mid-Level,False
444,2022,Mid-Level,Full-Time,Data Engineer,60000,GBP,78526,GB,100,Remote,GB,Medium,Mid-Level,False
445,2022,Senior,Full-Time,Data Scientist,215300,USD,215300,US,0,On-Site,US,Large,Executive,False
446,2022,Mid-Level,Full-Time,Data Engineer,70000,EUR,76940,GR,100,Remote,GR,Medium,Mid-Level,False
447,2022,Senior,Full-Time,Data Engineer,209100,USD,209100,US,100,Remote,US,Large,Executive,False
448,2022,Senior,Full-Time,Data Engineer,154600,USD,154600,US,100,Remote,US,Large,Senior,False
449,2022,Senior,Full-Time,Data Engineer,180000,USD,180000,US,100,Remote,US,Medium,Senior,False
450,2022,Entry,Full-Time,Ml Engineer,20000,EUR,21983,PT,100,Remote,PT,Large,Junior,False
451,2022,Senior,Full-Time,Data Engineer,80000,USD,80000,US,100,Remote,US,Medium,Mid-Level,False
452,2022,Mid-Level,Full-Time,Machine Learning Developer,100000,CAD,78791,CA,100,Remote,CA,Medium,Mid-Level,False
453,2022,Executive,Full-Time,Director Of Data Science,250000,CAD,196979,CA,50,Hybrid,CA,Large,Senior,False
454,2022,Mid-Level,Full-Time,Machine Learning Engineer,120000,USD,120000,US,100,Remote,US,Small,Senior,False
455,2022,Entry,Full-Time,Computer Vision Engineer,125000,USD,125000,US,0,On-Site,US,Medium,Senior,False
456,2022,Mid-Level,Full-Time,Nlp Engineer,240000,CNY,37236,US,50,Hybrid,US,Large,Junior,False
457,2022,Senior,Full-Time,Data Engineer,105000,USD,105000,US,100,Remote,US,Medium,Mid-Level,False
458,2022,Senior,Full-Time,Lead Machine Learning Engineer,80000,EUR,87932,DE,0,On-Site,DE,Medium,Mid-Level,False
459,2022,Mid-Level,Full-Time,Business Data Analyst,1400000,INR,18442,IN,100,Remote,IN,Medium,Junior,True
460,2022,Mid-Level,Full-Time,Data Scientist,2400000,INR,31615,IN,100,Remote,IN,Large,Junior,True
461,2022,Mid-Level,Full-Time,Machine Learning Infrastructure Engineer,53000,EUR,58255,PT,50,Hybrid,PT,Large,Junior,False
462,2022,Entry,Full-Time,Financial Data Analyst,100000,USD,100000,US,50,Hybrid,US,Large,Mid-Level,False
463,2022,Mid-Level,Part-Time,Data Engineer,50000,EUR,54957,DE,50,Hybrid,DE,Large,Junior,False
464,2022,Entry,Full-Time,Data Scientist,1400000,INR,18442,IN,100,Remote,IN,Medium,Junior,True
465,2022,Senior,Full-Time,Principal Data Scientist,148000,EUR,162674,DE,100,Remote,DE,Medium,Senior,False
466,2022,Entry,Full-Time,Data Engineer,120000,USD,120000,US,100,Remote,US,Medium,Senior,False
467,2022,Senior,Full-Time,Research Scientist,144000,USD,144000,US,50,Hybrid,US,Large,Senior,False
468,2022,Senior,Full-Time,Data Scientist,104890,USD,104890,US,100,Remote,US,Medium,Mid-Level,False
469,2022,Senior,Full-Time,Data Engineer,100000,USD,100000,US,100,Remote,US,Medium,Mid-Level,False
470,2022,Senior,Full-Time,Data Scientist,140000,USD,140000,US,100,Remote,US,Medium,Senior,False
471,2022,Mid-Level,Full-Time,Data Analyst,135000,USD,135000,US,100,Remote,US,Medium,Senior,False
472,2022,Mid-Level,Full-Time,Data Analyst,50000,USD,50000,US,100,Remote,US,Medium,Junior,False
473,2022,Senior,Full-Time,Data Scientist,220000,USD,220000,US,100,Remote,US,Medium,Executive,False
474,2022,Senior,Full-Time,Data Scientist,140000,USD,140000,US,100,Remote,US,Medium,Senior,False
475,2022,Mid-Level,Full-Time,Data Scientist,140000,GBP,183228,GB,0,On-Site,GB,Medium,Senior,False
476,2022,Mid-Level,Full-Time,Data Scientist,70000,GBP,91614,GB,0,On-Site,GB,Medium,Mid-Level,False
477,2022,Senior,Full-Time,Data Scientist,185100,USD,185100,US,100,Remote,US,Medium,Senior,False
478,2022,Senior,Full-Time,Machine Learning Engineer,220000,USD,220000,US,100,Remote,US,Medium,Executive,False
479,2022,Mid-Level,Full-Time,Data Scientist,200000,USD,200000,US,100,Remote,US,Medium,Executive,False
480,2022,Mid-Level,Full-Time,Data Scientist,120000,USD,120000,US,100,Remote,US,Medium,Senior,False
481,2022,Senior,Full-Time,Machine Learning Engineer,120000,USD,120000,AE,100,Remote,AE,Small,Senior,False
482,2022,Senior,Full-Time,Machine Learning Engineer,65000,USD,65000,AE,100,Remote,AE,Small,Mid-Level,False
483,2022,Executive,Full-Time,Data Engineer,324000,USD,324000,US,100,Remote,US,Medium,Executive,True
484,2022,Executive,Full-Time,Data Engineer,216000,USD,216000,US,100,Remote,US,Medium,Executive,False
485,2022,Senior,Full-Time,Data Engineer,210000,USD,210000,US,100,Remote,US,Medium,Executive,False
486,2022,Senior,Full-Time,Machine Learning Engineer,120000,USD,120000,US,100,Remote,US,Medium,Senior,False
487,2022,Senior,Full-Time,Data Scientist,230000,USD,230000,US,100,Remote,US,Medium,Executive,False
488,2022,Entry,Part-Time,Data Scientist,100000,USD,100000,DZ,50,Hybrid,DZ,Medium,Mid-Level,False
489,2022,Mid-Level,,Data Scientist,100000,USD,100000,CA,100,Remote,US,Medium,Mid-Level,False
490,2022,Entry,Contract,Applied Machine Learning Scientist,29000,EUR,31875,TN,100,Remote,CZ,Medium,Junior,False
491,2022,Senior,Full-Time,Head Of Data,200000,USD,200000,MY,100,Remote,US,Medium,Executive,False
492,2022,Mid-Level,Full-Time,Principal Data Analyst,75000,USD,75000,CA,100,Remote,CA,Small,Mid-Level,False
493,2022,Mid-Level,Full-Time,Data Scientist,150000,PLN,35590,PL,100,Remote,PL,Large,Junior,False
494,2022,Senior,Full-Time,Machine Learning Developer,100000,CAD,78791,CA,100,Remote,CA,Medium,Mid-Level,False
495,2022,Senior,Full-Time,Data Scientist,100000,USD,100000,BR,100,Remote,US,Medium,Mid-Level,False
496,2022,Mid-Level,Full-Time,Machine Learning Scientist,153000,USD,153000,US,50,Hybrid,US,Medium,Senior,False
497,2022,Entry,Full-Time,Data Engineer,52800,EUR,58035,PK,100,Remote,DE,Medium,Junior,False
498,2022,Senior,Full-Time,Data Scientist,165000,USD,165000,US,100,Remote,US,Medium,Senior,False
499,2022,Senior,Full-Time,Research Scientist,85000,EUR,93427,FR,50,Hybrid,FR,Large,Mid-Level,False
500,2022,Entry,Full-Time,Data Scientist,66500,CAD,52396,CA,100,Remote,CA,Large,Junior,False
501,2022,Senior,Full-Time,Machine Learning Engineer,57000,EUR,62651,NL,100,Remote,NL,Large,Mid-Level,False
502,2022,Mid-Level,Full-Time,Head Of Data,30000,EUR,32974,EE,100,Remote,EE,Small,Junior,False
503,2022,Entry,Full-Time,Data Scientist,40000,USD,40000,JP,100,Remote,MY,Large,Junior,False
504,2022,Mid-Level,Full-Time,Machine Learning Engineer,121000,AUD,87425,AU,100,Remote,AU,Large,Mid-Level,False
505,2022,Senior,Full-Time,Data Engineer,115000,USD,115000,US,100,Remote,US,Medium,Mid-Level,False
506,2022,Entry,Full-Time,Data Scientist,120000,AUD,86703,AU,50,Hybrid,AU,Medium,Mid-Level,False
507,2022,Mid-Level,Full-Time,Applied Machine Learning Scientist,75000,USD,75000,BO,100,Remote,US,Large,Mid-Level,False
508,2022,Mid-Level,Full-Time,Research Scientist,59000,EUR,64849,AT,0,On-Site,AT,Large,Mid-Level,False
509,2022,Entry,Full-Time,Research Scientist,120000,USD,120000,US,100,Remote,US,Large,Senior,False
510,2022,Mid-Level,Full-Time,Applied Data Scientist,157000,USD,157000,US,100,Remote,US,Large,Senior,False
511,2022,Entry,Full-Time,Computer Vision Software Engineer,150000,USD,150000,AU,100,Remote,AU,Small,Senior,False
512,2022,Mid-Level,Full-Time,Business Data Analyst,90000,CAD,70912,CA,50,Hybrid,CA,Large,Mid-Level,False
513,2022,Entry,Full-Time,Data Engineer,65000,USD,65000,US,100,Remote,US,Small,Mid-Level,False
514,2022,Senior,Full-Time,Machine Learning Engineer,65000,EUR,71444,IE,100,Remote,IE,Small,Mid-Level,False
515,2022,Entry,Full-Time,Data Analytics Engineer,20000,USD,20000,PK,0,On-Site,PK,Medium,Junior,False
516,2022,Mid-Level,Full-Time,Data Scientist,48000,USD,48000,RU,100,Remote,US,Small,Junior,False
517,2022,Senior,Full-Time,Data Science Manager,152500,USD,152500,US,100,Remote,US,Medium,Senior,False
518,2022,Mid-Level,Full-Time,Data Engineer,62000,EUR,68147,FR,100,Remote,FR,Medium,Mid-Level,False
519,2022,Mid-Level,Full-Time,Data Scientist,115000,CHF,122346,CH,0,On-Site,CH,Large,Senior,False
520,2022,Senior,Full-Time,Applied Data Scientist,380000,USD,380000,US,100,Remote,US,Large,Executive,True
521,2022,Mid-Level,Full-Time,Data Scientist,88000,CAD,69336,CA,100,Remote,CA,Medium,Mid-Level,False
522,2022,Entry,Full-Time,Computer Vision Engineer,10000,USD,10000,PT,100,Remote,LU,Medium,Junior,False
523,2022,Mid-Level,Full-Time,Data Analyst,20000,USD,20000,GR,100,Remote,GR,Small,Junior,False
524,2022,Senior,Full-Time,Data Analytics Lead,405000,USD,405000,US,100,Remote,US,Large,Executive,True
525,2022,Mid-Level,Full-Time,Data Scientist,135000,USD,135000,US,100,Remote,US,Large,Senior,False
526,2022,Senior,Full-Time,Applied Data Scientist,177000,USD,177000,US,100,Remote,US,Large,Senior,False
527,2022,Mid-Level,Full-Time,Data Scientist,78000,USD,78000,US,100,Remote,US,Medium,Mid-Level,False
528,2022,Senior,Full-Time,Data Analyst,135000,USD,135000,US,100,Remote,US,Medium,Senior,False
529,2022,Senior,Full-Time,Data Analyst,100000,USD,100000,US,100,Remote,US,Medium,Mid-Level,False
530,2022,Senior,Full-Time,Data Analyst,90320,USD,90320,US,100,Remote,US,Medium,Mid-Level,False
531,2022,Mid-Level,Full-Time,Data Analyst,85000,USD,85000,CA,0,On-Site,CA,Medium,Mid-Level,False
532,2022,Mid-Level,Full-Time,Data Analyst,75000,USD,75000,CA,0,On-Site,CA,Medium,Mid-Level,False
533,2022,Senior,Full-Time,Machine Learning Engineer,214000,USD,214000,US,100,Remote,US,Medium,Executive,False
534,2022,Senior,Full-Time,Machine Learning Engineer,192600,USD,192600,US,100,Remote,US,Medium,Senior,False
535,2022,Senior,Full-Time,Data Architect,266400,USD,266400,US,100,Remote,US,Medium,Executive,False
536,2022,Senior,Full-Time,Data Architect,213120,USD,213120,US,100,Remote,US,Medium,Executive,False
537,2022,Senior,Full-Time,Data Analyst,112900,USD,112900,US,100,Remote,US,Medium,Mid-Level,False
538,2022,Senior,Full-Time,Data Engineer,155000,USD,155000,US,100,Remote,US,Medium,Senior,False
539,2022,Mid-Level,Full-Time,Data Scientist,141300,USD,141300,US,0,On-Site,US,Medium,Senior,False
540,2022,Mid-Level,Full-Time,Data Scientist,102100,USD,102100,US,0,On-Site,US,Medium,Mid-Level,False
541,2022,Senior,Full-Time,Data Analyst,115934,USD,115934,US,100,Remote,US,Medium,Mid-Level,False
542,2022,Senior,Full-Time,Data Analyst,81666,USD,81666,US,100,Remote,US,Medium,Mid-Level,False
543,2022,Mid-Level,Full-Time,Data Engineer,206699,USD,206699,US,0,On-Site,US,Medium,Executive,False
544,2022,Mid-Level,Full-Time,Data Engineer,99100,USD,99100,US,0,On-Site,US,Medium,Mid-Level,False
545,2022,Senior,Full-Time,Data Engineer,130000,USD,130000,US,100,Remote,US,Medium,Senior,False
546,2022,Senior,Full-Time,Data Engineer,115000,USD,115000,US,100,Remote,US,Medium,Mid-Level,False
547,2022,Senior,Full-Time,Data Engineer,110500,USD,110500,US,100,Remote,US,Medium,Mid-Level,False
548,2022,Senior,Full-Time,Data Engineer,130000,USD,130000,US,100,Remote,US,Medium,Senior,False
549,2022,Senior,Full-Time,Data Analyst,99050,USD,99050,US,100,Remote,US,Medium,Mid-Level,False
550,2022,Senior,Full-Time,Data Engineer,160000,USD,160000,US,100,Remote,US,Medium,Senior,False
551,2022,Senior,Full-Time,Data Scientist,205300,USD,205300,US,0,On-Site,US,Large,Executive,False
552,2022,Senior,Full-Time,Data Scientist,140400,USD,140400,US,0,On-Site,US,Large,Senior,False
553,2022,Senior,Full-Time,Data Scientist,176000,USD,176000,US,100,Remote,US,Medium,Senior,False
554,2022,Senior,Full-Time,Data Scientist,144000,USD,144000,US,100,Remote,US,Medium,Senior,False
555,2022,Senior,Full-Time,Data Engineer,200100,USD,200100,US,100,Remote,US,Medium,Executive,False
556,2022,Senior,Full-Time,Data Engineer,160000,USD,160000,US,100,Remote,US,Medium,Senior,False
557,2022,Senior,Full-Time,Data Engineer,145000,USD,145000,US,100,Remote,US,Medium,Senior,False
558,2022,Senior,Full-Time,Data Engineer,70500,USD,70500,US,0,On-Site,US,Medium,Mid-Level,False
559,2022,Senior,Full-Time,Data Scientist,205300,USD,205300,US,0,On-Site,US,Medium,Executive,False
560,2022,Senior,Full-Time,Data Scientist,140400,USD,140400,US,0,On-Site,US,Medium,Senior,False
561,2022,Senior,Full-Time,Analytics Engineer,205300,USD,205300,US,0,On-Site,US,Medium,Executive,False
562,2022,Senior,Full-Time,Analytics Engineer,184700,USD,184700,US,0,On-Site,US,Medium,Senior,False
563,2022,Senior,Full-Time,Data Engineer,175100,USD,175100,US,100,Remote,US,Medium,Senior,False
564,2022,Senior,Full-Time,Data Engineer,140250,USD,140250,US,100,Remote,US,Medium,Senior,False
565,2022,Senior,Full-Time,Data Analyst,116150,USD,116150,US,100,Remote,US,Medium,Mid-Level,False
566,2022,Senior,Full-Time,Data Engineer,54000,USD,54000,US,0,On-Site,US,Medium,Junior,False
567,2022,Senior,Full-Time,Data Analyst,170000,USD,170000,US,100,Remote,US,Medium,Senior,False
568,2022,Mid-Level,Full-Time,Data Analyst,50000,GBP,65438,GB,0,On-Site,GB,Medium,Mid-Level,False
569,2022,Senior,Full-Time,Data Analyst,80000,USD,80000,US,100,Remote,US,Medium,Mid-Level,False
570,2022,Senior,Full-Time,Data Scientist,140000,USD,140000,US,100,Remote,US,Medium,Senior,False
571,2022,Senior,Full-Time,Data Scientist,210000,USD,210000,US,100,Remote,US,Medium,Executive,False
572,2022,Senior,Full-Time,Data Scientist,140000,USD,140000,US,100,Remote,US,Medium,Senior,False
573,2022,Senior,Full-Time,Data Analyst,100000,USD,100000,US,100,Remote,US,Medium,Mid-Level,False
574,2022,Senior,Full-Time,Data Analyst,69000,USD,69000,US,100,Remote,US,Medium,Mid-Level,False
575,2022,Senior,Full-Time,Data Scientist,210000,USD,210000,US,100,Remote,US,Medium,Executive,False
576,2022,Senior,Full-Time,Data Scientist,140000,USD,140000,US,100,Remote,US,Medium,Senior,False
577,2022,Senior,Full-Time,Data Scientist,210000,USD,210000,US,100,Remote,US,Medium,Executive,False
578,2022,Senior,Full-Time,Data Analyst,150075,USD,150075,US,100,Remote,US,Medium,Senior,False
579,2022,Senior,Full-Time,Data Engineer,100000,USD,100000,US,100,Remote,US,Medium,Mid-Level,False
580,2022,Senior,Full-Time,Data Engineer,25000,USD,25000,US,100,Remote,US,Medium,Junior,False
581,2022,Senior,Full-Time,Data Analyst,126500,USD,126500,US,100,Remote,US,Medium,Senior,False
582,2022,Senior,Full-Time,Data Analyst,106260,USD,106260,US,100,Remote,US,Medium,Mid-Level,False
583,2022,Senior,Full-Time,Data Engineer,220110,USD,220110,US,100,Remote,US,Medium,Executive,False
584,2022,Senior,Full-Time,Data Engineer,160080,USD,160080,US,100,Remote,US,Medium,Senior,False
585,2022,Senior,Full-Time,Data Analyst,105000,USD,105000,US,100,Remote,US,Medium,Mid-Level,False
586,2022,Senior,Full-Time,Data Analyst,110925,USD,110925,US,100,Remote,US,Medium,Mid-Level,False
587,2022,Mid-Level,Full-Time,Data Analyst,35000,GBP,45807,GB,0,On-Site,GB,Medium,Junior,False
588,2022,Senior,Full-Time,Data Scientist,140000,USD,140000,US,100,Remote,US,Medium,Senior,False
589,2022,Senior,Full-Time,Data Analyst,99000,USD,99000,US,0,On-Site,US,Medium,Mid-Level,False
590,2022,Senior,Full-Time,Data Analyst,60000,USD,60000,US,100,Remote,US,Medium,Mid-Level,False
591,2022,Senior,Full-Time,Data Architect,192564,USD,192564,US,100,Remote,US,Medium,Senior,False
592,2022,Senior,Full-Time,Data Architect,144854,USD,144854,US,100,Remote,US,Medium,Senior,False
593,2022,Senior,Full-Time,Data Scientist,230000,USD,230000,US,100,Remote,US,Medium,Executive,False
594,2022,Senior,Full-Time,Data Scientist,150000,USD,150000,US,100,Remote,US,Medium,Senior,False
595,2022,Senior,Full-Time,Data Analytics Manager,150260,USD,150260,US,100,Remote,US,Medium,Senior,False
596,2022,Senior,Full-Time,Data Analytics Manager,109280,USD,109280,US,100,Remote,US,Medium,Mid-Level,False
597,2022,Senior,Full-Time,Data Scientist,210000,USD,210000,US,100,Remote,US,Medium,Executive,False
598,2022,Senior,Full-Time,Data Analyst,170000,USD,170000,US,100,Remote,US,Medium,Senior,False
599,2022,Mid-Level,Full-Time,Data Scientist,160000,USD,160000,US,100,Remote,US,Medium,Senior,False
600,2022,Mid-Level,Full-Time,Data Scientist,130000,USD,130000,US,100,Remote,US,Medium,Senior,False
601,2022,Entry,Full-Time,Data Analyst,67000,USD,67000,CA,0,On-Site,CA,Medium,Mid-Level,False
602,2022,Entry,Full-Time,Data Analyst,52000,USD,52000,CA,0,On-Site,CA,Medium,Junior,False
603,2022,Senior,Full-Time,Data Engineer,154000,USD,154000,US,100,Remote,US,Medium,Senior,False
604,2022,Senior,Full-Time,Data Engineer,126000,USD,126000,US,100,Remote,US,Medium,Senior,False
605,2022,Senior,Full-Time,Data Analyst,129000,USD,129000,US,0,On-Site,US,Medium,Senior,False
606,2022,Senior,Full-Time,Data Analyst,150000,USD,150000,US,100,Remote,US,Medium,Senior,False
607,2022,Mid-Level,Full-Time,Ai Scientist,200000,USD,200000,IN,100,Remote,US,Large,Executive,False
